insert into cidade (nome, uf, version) values
    ('Nova Aurora', 'SP', 0),
    ('Vale Verde', 'RJ', 0),
    ('Rio Azul', 'MG', 0),
    ('Serra Dourada', 'PR', 0),
    ('Praia Serena', 'RS', 0),
    ('Campo Belo', 'SC', 0),
    ('Lagoa Clara', 'BA', 0),
    ('Bosque Alto', 'GO', 0),
    ('Vila Horizonte', 'PE', 0),
    ('Monte Claro', 'CE', 0);

insert into linha (nome, codigo, tarifa, ativo, tempo_percurso_estimado, version) values
    ('Linha Panorama', 'LX101', 8.50, true, 42, 0),
    ('Linha Horizonte', 'LX102', 7.80, true, 55, 0),
    ('Linha Litorânea', 'LX103', 6.90, true, 38, 0),
    ('Linha Montanha', 'LX104', 10.00, true, 60, 0),
    ('Linha Urbana A', 'LX105', 9.00, true, 45, 0),
    ('Linha Urbana B', 'LX106', 7.50, true, 48, 0),
    ('Linha Interbairros', 'LX107', 6.50, true, 52, 0),
    ('Linha Aeroporto Plus', 'LX108', 12.00, true, 70, 0),
    ('Linha Noturna Azul', 'LX109', 13.00, true, 80, 0),
    ('Linha Expresso Verde', 'LX110', 14.00, true, 65, 0);

insert into ponto_turistico (nome, descricao, latitude, longitude, ativo, version) values
    ('Orla das Palmeiras', 'Passeio à beira-mar com ciclovia', -23.57120000, -46.65430000, true, 0),
    ('Mirante do Horizonte', 'Mirante com vista para a cidade', -22.91540000, -43.18260000, true, 0),
    ('Cachoeira Cristal', 'Queda d''água em parque ecológico', -19.92340000, -43.94080000, true, 0),
    ('Bosque Encantado', 'Reserva natural com trilhas', -25.43100000, -49.27850000, true, 0),
    ('Praça das Flores', 'Praça central com feira de artesanato', -30.03240000, -51.21430000, true, 0),
    ('Museu do Transporte', 'História do transporte urbano', -27.59210000, -48.54520000, true, 0),
    ('Farol das Dunas', 'Farol histórico à beira-mar', -12.96840000, -38.50520000, true, 0),
    ('Parque das Lagoas', 'Parque com lagos e pedalinhos', -16.68910000, -49.27010000, true, 0),
    ('Centro Cultural Marítimo', 'Exposição sobre cultura costeira', -8.05120000, -34.87350000, true, 0),
    ('Serra das Estrelas', 'Trilhas e observação astronômica', -3.71280000, -38.54010000, true, 0);

insert into ponto_parada (nome, latitude, longitude, ativo, cidade_id, version) values
    ('Parada Aurora 1', -23.57200000, -46.65300000, true, (select id from cidade where nome = 'Nova Aurora'), 0),
    ('Parada Aurora 2', -23.57350000, -46.65550000, true, (select id from cidade where nome = 'Nova Aurora'), 0),
    ('Parada Horizonte 1', -22.91680000, -43.18520000, true, (select id from cidade where nome = 'Vale Verde'), 0),
    ('Parada Horizonte 2', -22.91420000, -43.17980000, true, (select id from cidade where nome = 'Vale Verde'), 0),
    ('Parada Azul 1', -19.92480000, -43.93820000, true, (select id from cidade where nome = 'Rio Azul'), 0),
    ('Parada Azul 2', -19.92260000, -43.94240000, true, (select id from cidade where nome = 'Rio Azul'), 0),
    ('Parada Serra 1', -25.43240000, -49.27410000, true, (select id from cidade where nome = 'Serra Dourada'), 0),
    ('Parada Praia 1', -30.03380000, -51.21670000, true, (select id from cidade where nome = 'Praia Serena'), 0),
    ('Parada Lagoa 1', -27.59340000, -48.54660000, true, (select id from cidade where nome = 'Campo Belo'), 0),
    ('Parada Aeroporto Plus', -12.96980000, -38.50310000, true, (select id from cidade where nome = 'Lagoa Clara'), 0);

insert into ponto_parada_turistico (id_ponto_parada, id_ponto_turistico) values
    ((select id from ponto_parada where nome = 'Parada Aurora 1'), (select id from ponto_turistico where nome = 'Orla das Palmeiras')),
    ((select id from ponto_parada where nome = 'Parada Aurora 2'), (select id from ponto_turistico where nome = 'Museu do Transporte')),
    ((select id from ponto_parada where nome = 'Parada Horizonte 1'), (select id from ponto_turistico where nome = 'Mirante do Horizonte')),
    ((select id from ponto_parada where nome = 'Parada Horizonte 2'), (select id from ponto_turistico where nome = 'Praça das Flores')),
    ((select id from ponto_parada where nome = 'Parada Azul 1'), (select id from ponto_turistico where nome = 'Cachoeira Cristal')),
    ((select id from ponto_parada where nome = 'Parada Azul 2'), (select id from ponto_turistico where nome = 'Parque das Lagoas')),
    ((select id from ponto_parada where nome = 'Parada Serra 1'), (select id from ponto_turistico where nome = 'Bosque Encantado')),
    ((select id from ponto_parada where nome = 'Parada Praia 1'), (select id from ponto_turistico where nome = 'Centro Cultural Marítimo')),
    ((select id from ponto_parada where nome = 'Parada Lagoa 1'), (select id from ponto_turistico where nome = 'Museu do Transporte')),
    ((select id from ponto_parada where nome = 'Parada Aeroporto Plus'), (select id from ponto_turistico where nome = 'Farol das Dunas'));

insert into itinerario (ordem, id_linha, id_ponto_parada) values
    (1, (select id from linha where codigo = 'LX101'), (select id from ponto_parada where nome = 'Parada Aurora 1')),
    (2, (select id from linha where codigo = 'LX101'), (select id from ponto_parada where nome = 'Parada Aurora 2')),
    (1, (select id from linha where codigo = 'LX102'), (select id from ponto_parada where nome = 'Parada Horizonte 1')),
    (2, (select id from linha where codigo = 'LX102'), (select id from ponto_parada where nome = 'Parada Horizonte 2')),
    (1, (select id from linha where codigo = 'LX103'), (select id from ponto_parada where nome = 'Parada Azul 1')),
    (2, (select id from linha where codigo = 'LX103'), (select id from ponto_parada where nome = 'Parada Azul 2')),
    (1, (select id from linha where codigo = 'LX104'), (select id from ponto_parada where nome = 'Parada Serra 1')),
    (1, (select id from linha where codigo = 'LX105'), (select id from ponto_parada where nome = 'Parada Praia 1')),
    (1, (select id from linha where codigo = 'LX106'), (select id from ponto_parada where nome = 'Parada Lagoa 1')),
    (1, (select id from linha where codigo = 'LX108'), (select id from ponto_parada where nome = 'Parada Aeroporto Plus'));

insert into tipo_veiculo (descricao, ativo, version) values
    ('City Bus Comfort', true, 0),
    ('City Bus Compact', true, 0),
    ('City Bus Premium', true, 0),
    ('Shuttle Urbano', true, 0),
    ('Intercity Max', true, 0),
    ('Intercity Light', true, 0),
    ('Tour Master', true, 0),
    ('Eco Line', true, 0),
    ('Night Rider', true, 0),
    ('Airport Connect', true, 0);

insert into veiculo (placa, chassi, modelo, ano_fabricacao, capacidade, ativo, tipo_veiculo_id, version) values
    ('EFG1H23', 'CHASSI1011', 'Modelo K', 2019, 44, true, (select id from tipo_veiculo where descricao = 'City Bus Comfort'), 0),
    ('HIJ4K56', 'CHASSI1012', 'Modelo L', 2020, 32, true, (select id from tipo_veiculo where descricao = 'City Bus Compact'), 0),
    ('KLM7N89', 'CHASSI1013', 'Modelo M', 2021, 50, true, (select id from tipo_veiculo where descricao = 'City Bus Premium'), 0),
    ('NOP0Q12', 'CHASSI1014', 'Modelo N', 2018, 28, true, (select id from tipo_veiculo where descricao = 'Shuttle Urbano'), 0),
    ('QRS3T45', 'CHASSI1015', 'Modelo O', 2022, 60, true, (select id from tipo_veiculo where descricao = 'Intercity Max'), 0),
    ('TUV6W78', 'CHASSI1016', 'Modelo P', 2023, 64, true, (select id from tipo_veiculo where descricao = 'Intercity Light'), 0),
    ('WXY9Z01', 'CHASSI1017', 'Modelo Q', 2020, 52, true, (select id from tipo_veiculo where descricao = 'Tour Master'), 0),
    ('ZAB2C34', 'CHASSI1018', 'Modelo R', 2017, 54, true, (select id from tipo_veiculo where descricao = 'Eco Line'), 0),
    ('CDE5F67', 'CHASSI1019', 'Modelo S', 2016, 36, true, (select id from tipo_veiculo where descricao = 'Night Rider'), 0),
    ('FGH8I90', 'CHASSI1020', 'Modelo T', 2021, 48, true, (select id from tipo_veiculo where descricao = 'Airport Connect'), 0);

insert into pessoa (cpf, nome, email, telefone, data_nascimento, ativo, tipo_pessoa, cnh, validade_cnh, categoria_cnh, numero_carteirinha, created_at, updated_at, version) values
    ('123.456.789-10', 'Maria Condutora', 'maria.condutora@bus.com', '(11)91000-0001', '1986-02-05 00:00:00', true, 'MOTORISTA', '45678912300', '2027-08-31 00:00:00', 'D', null, now(), now(), 0),
    ('234.567.890-21', 'Paulo Condutor', 'paulo.condutor@bus.com', '(11)91000-0002', '1984-04-12 00:00:00', true, 'MOTORISTA', '56789123400', '2026-06-30 00:00:00', 'D', null, now(), now(), 0),
    ('345.678.901-32', 'Renata Condutora', 'renata.condutora@bus.com', '(11)91000-0003', '1991-10-22 00:00:00', true, 'MOTORISTA', '67891234500', '2028-01-31 00:00:00', 'D', null, now(), now(), 0),
    ('456.789.012-43', 'Silvia Passageira', 'silvia.passageira@bus.com', '(11)91000-0004', '1996-09-09 00:00:00', true, 'PASSAGEIRO', null, null, null, 'PX101', now(), now(), 0),
    ('567.890.123-54', 'Thiago Passageiro', 'thiago.passageiro@bus.com', '(11)91000-0005', '1998-12-15 00:00:00', true, 'PASSAGEIRO', null, null, null, 'PX102', now(), now(), 0),
    ('678.901.234-65', 'Ursula Passageira', 'ursula.passageira@bus.com', '(11)91000-0006', '2001-03-30 00:00:00', true, 'PASSAGEIRO', null, null, null, 'PX103', now(), now(), 0),
    ('789.012.345-76', 'Vitor Passageiro', 'vitor.passageiro@bus.com', '(11)91000-0007', '1993-07-18 00:00:00', true, 'PASSAGEIRO', null, null, null, 'PX104', now(), now(), 0),
    ('890.123.456-87', 'Wilson Mecanico', 'wilson.mecanico@bus.com', '(11)91000-0008', '1981-05-25 00:00:00', true, 'MECANICO', null, null, null, null, now(), now(), 0),
    ('901.234.567-98', 'Xenia Mecanica', 'xenia.mecanica@bus.com', '(11)91000-0009', '1985-11-02 00:00:00', true, 'MECANICO', null, null, null, null, now(), now(), 0),
    ('012.345.678-99', 'Yuri Passageiro', 'yuri.passageiro@bus.com', '(11)91000-0010', '1994-01-11 00:00:00', true, 'PASSAGEIRO', null, null, null, 'PX105', now(), now(), 0);

insert into cronograma (id_linha, hora_partida, tipo_dia) values
    ((select id from linha where codigo = 'LX101'), '05:40:00', 1),
    ((select id from linha where codigo = 'LX102'), '06:10:00', 1),
    ((select id from linha where codigo = 'LX103'), '06:30:00', 1),
    ((select id from linha where codigo = 'LX104'), '07:00:00', 2),
    ((select id from linha where codigo = 'LX105'), '07:20:00', 2),
    ((select id from linha where codigo = 'LX106'), '07:50:00', 3),
    ((select id from linha where codigo = 'LX107'), '08:15:00', 3),
    ((select id from linha where codigo = 'LX108'), '08:45:00', 4),
    ((select id from linha where codigo = 'LX109'), '09:05:00', 4),
    ((select id from linha where codigo = 'LX110'), '09:35:00', 5);

insert into metodo_pagamento (descricao) values
    ('Dinheiro Embarque'),
    ('Cartão Mobilidade'),
    ('Cartão Crédito Premium'),
    ('Cartão Débito Gold'),
    ('Voucher Empresa'),
    ('Carteira Virtual Urbana'),
    ('Transferência Bancária'),
    ('PIX Corporativo'),
    ('QR Code Embarque'),
    ('Pagamento Antecipado Web');

insert into tipo_passagem (descricao, porcentagem_desconto) values
    ('Bilhete Único', 0.00),
    ('Passe Universitário', 50.00),
    ('Passe Sênior', 100.00),
    ('Passe Trabalhador', 20.00),
    ('Passe Turístico Plus', 10.00),
    ('Passe Executivo', 0.00),
    ('Passe Aeroporto', 0.00),
    ('Passe Madrugada', 15.00),
    ('Passe Corporativo Premium', 25.00),
    ('Passe Evento Especial', 0.00);

insert into viagem (data_partida_real, data_partida_prevista, data_chegada_prevista, data_chegada_real, linha_id, veiculo_id, motorista_id, status, version) values
    ('2024-06-01 05:45:00', '2024-06-01 05:40:00', '2024-06-01 06:40:00', '2024-06-01 06:45:00',
        (select id from linha where codigo = 'LX101'),
        (select id from veiculo where placa = 'EFG1H23'),
        (select id from pessoa where nome = 'Maria Condutora'),
        1, 0),
    ('2024-06-01 06:15:00', '2024-06-01 06:10:00', '2024-06-01 07:05:00', '2024-06-01 07:10:00',
        (select id from linha where codigo = 'LX102'),
        (select id from veiculo where placa = 'HIJ4K56'),
        (select id from pessoa where nome = 'Paulo Condutor'),
        1, 0),
    ('2024-06-01 06:35:00', '2024-06-01 06:30:00', '2024-06-01 07:25:00', '2024-06-01 07:30:00',
        (select id from linha where codigo = 'LX103'),
        (select id from veiculo where placa = 'KLM7N89'),
        (select id from pessoa where nome = 'Renata Condutora'),
        1, 0),
    ('2024-06-01 07:05:00', '2024-06-01 07:00:00', '2024-06-01 08:10:00', '2024-06-01 08:15:00',
        (select id from linha where codigo = 'LX104'),
        (select id from veiculo where placa = 'NOP0Q12'),
        (select id from pessoa where nome = 'Maria Condutora'),
        1, 0),
    ('2024-06-01 07:25:00', '2024-06-01 07:20:00', '2024-06-01 08:20:00', '2024-06-01 08:30:00',
        (select id from linha where codigo = 'LX105'),
        (select id from veiculo where placa = 'QRS3T45'),
        (select id from pessoa where nome = 'Paulo Condutor'),
        1, 0),
    ('2024-06-01 07:55:00', '2024-06-01 07:50:00', '2024-06-01 08:45:00', '2024-06-01 08:55:00',
        (select id from linha where codigo = 'LX106'),
        (select id from veiculo where placa = 'TUV6W78'),
        (select id from pessoa where nome = 'Renata Condutora'),
        1, 0),
    ('2024-06-01 08:20:00', '2024-06-01 08:15:00', '2024-06-01 09:10:00', '2024-06-01 09:15:00',
        (select id from linha where codigo = 'LX107'),
        (select id from veiculo where placa = 'WXY9Z01'),
        (select id from pessoa where nome = 'Maria Condutora'),
        1, 0),
    ('2024-06-01 08:50:00', '2024-06-01 08:45:00', '2024-06-01 10:00:00', '2024-06-01 10:05:00',
        (select id from linha where codigo = 'LX108'),
        (select id from veiculo where placa = 'ZAB2C34'),
        (select id from pessoa where nome = 'Paulo Condutor'),
        1, 0),
    ('2024-06-01 09:10:00', '2024-06-01 09:05:00', '2024-06-01 10:20:00', '2024-06-01 10:25:00',
        (select id from linha where codigo = 'LX109'),
        (select id from veiculo where placa = 'CDE5F67'),
        (select id from pessoa where nome = 'Renata Condutora'),
        1, 0),
    ('2024-06-01 09:40:00', '2024-06-01 09:35:00', '2024-06-01 10:45:00', '2024-06-01 10:50:00',
        (select id from linha where codigo = 'LX110'),
        (select id from veiculo where placa = 'FGH8I90'),
        (select id from pessoa where nome = 'Maria Condutora'),
        1, 0);

insert into passagem (data_emissao, valor, ativo, pessoa_id, viagem_id, tipo_passagem_id, metodo_pagamento_id) values
    ('2024-05-31 09:00:00', 8.50, true,
        (select id from pessoa where nome = 'Silvia Passageira'),
        (select id from viagem where linha_id = (select id from linha where codigo = 'LX101')),
        (select id_tipo_passagem from tipo_passagem where descricao = 'Bilhete Único'),
        (select id_metodo_pagamento from metodo_pagamento where descricao = 'Cartão Mobilidade')),
    ('2024-05-31 09:05:00', 4.25, true,
        (select id from pessoa where nome = 'Thiago Passageiro'),
        (select id from viagem where linha_id = (select id from linha where codigo = 'LX101')),
        (select id_tipo_passagem from tipo_passagem where descricao = 'Passe Universitário'),
        (select id_metodo_pagamento from metodo_pagamento where descricao = 'Carteira Virtual Urbana')),
    ('2024-05-31 09:10:00', 6.80, true,
        (select id from pessoa where nome = 'Ursula Passageira'),
        (select id from viagem where linha_id = (select id from linha where codigo = 'LX102')),
        (select id_tipo_passagem from tipo_passagem where descricao = 'Passe Trabalhador'),
        (select id_metodo_pagamento from metodo_pagamento where descricao = 'Dinheiro Embarque')),
    ('2024-05-31 09:15:00', 14.00, true,
        (select id from pessoa where nome = 'Vitor Passageiro'),
        (select id from viagem where linha_id = (select id from linha where codigo = 'LX103')),
        (select id_tipo_passagem from tipo_passagem where descricao = 'Passe Executivo'),
        (select id_metodo_pagamento from metodo_pagamento where descricao = 'PIX Corporativo')),
    ('2024-05-31 09:20:00', 18.00, true,
        (select id from pessoa where nome = 'Yuri Passageiro'),
        (select id from viagem where linha_id = (select id from linha where codigo = 'LX104')),
        (select id_tipo_passagem from tipo_passagem where descricao = 'Passe Aeroporto'),
        (select id_metodo_pagamento from metodo_pagamento where descricao = 'Cartão Crédito Premium')),
    ('2024-05-31 09:25:00', 9.10, true,
        (select id from pessoa where nome = 'Silvia Passageira'),
        (select id from viagem where linha_id = (select id from linha where codigo = 'LX105')),
        (select id_tipo_passagem from tipo_passagem where descricao = 'Passe Turístico Plus'),
        (select id_metodo_pagamento from metodo_pagamento where descricao = 'Cartão Débito Gold')),
    ('2024-05-31 09:30:00', 7.90, true,
        (select id from pessoa where nome = 'Thiago Passageiro'),
        (select id from viagem where linha_id = (select id from linha where codigo = 'LX106')),
        (select id_tipo_passagem from tipo_passagem where descricao = 'Bilhete Único'),
        (select id_metodo_pagamento from metodo_pagamento where descricao = 'Transferência Bancária')),
    ('2024-05-31 09:35:00', 21.00, true,
        (select id from pessoa where nome = 'Ursula Passageira'),
        (select id from viagem where linha_id = (select id from linha where codigo = 'LX107')),
        (select id_tipo_passagem from tipo_passagem where descricao = 'Passe Madrugada'),
        (select id_metodo_pagamento from metodo_pagamento where descricao = 'QR Code Embarque')),
    ('2024-05-31 09:40:00', 24.00, true,
        (select id from pessoa where nome = 'Vitor Passageiro'),
        (select id from viagem where linha_id = (select id from linha where codigo = 'LX108')),
        (select id_tipo_passagem from tipo_passagem where descricao = 'Passe Corporativo Premium'),
        (select id_metodo_pagamento from metodo_pagamento where descricao = 'Voucher Empresa')),
    ('2024-05-31 09:45:00', 28.00, true,
        (select id from pessoa where nome = 'Yuri Passageiro'),
        (select id from viagem where linha_id = (select id from linha where codigo = 'LX109')),
        (select id_tipo_passagem from tipo_passagem where descricao = 'Passe Evento Especial'),
        (select id_metodo_pagamento from metodo_pagamento where descricao = 'Pagamento Antecipado Web'));

insert into peca (valor_unitario, nome, fabricante, quantidade) values
    (130.00, 'Filtro de Ar Plus', 'Fabricante L', 55),
    (85.00, 'Pastilha Cerâmica', 'Fabricante M', 95),
    (160.00, 'Amortecedor Heavy', 'Fabricante N', 42),
    (65.00, 'Correia Reforçada', 'Fabricante O', 72),
    (210.00, 'Embreagem Power', 'Fabricante P', 32),
    (95.00, 'Filtro de Óleo Premium', 'Fabricante Q', 115),
    (50.00, 'Lâmpada LED Ultra', 'Fabricante R', 205),
    (320.00, 'Bateria LongLife', 'Fabricante S', 28),
    (38.00, 'Palheta Silicone', 'Fabricante T', 160),
    (520.00, 'Sistema ABS Pro', 'Fabricante U', 18);

insert into manutencao (id_veiculo, id_pessoa, descricao, custo_total, data_inicio, data_fim) values
    ((select id from veiculo where placa = 'EFG1H23'), (select id from pessoa where nome = 'Wilson Mecanico'), 'Revisão completa de freios', 330.00, '2024-05-20 08:00:00', '2024-05-20 13:00:00'),
    ((select id from veiculo where placa = 'HIJ4K56'), (select id from pessoa where nome = 'Xenia Mecanica'), 'Troca de amortecedores', 610.00, '2024-05-21 09:00:00', '2024-05-21 17:00:00'),
    ((select id from veiculo where placa = 'KLM7N89'), (select id from pessoa where nome = 'Wilson Mecanico'), 'Substituição de correia', 170.00, '2024-05-22 10:00:00', '2024-05-22 14:00:00'),
    ((select id from veiculo where placa = 'NOP0Q12'), (select id from pessoa where nome = 'Xenia Mecanica'), 'Troca de óleo premium', 220.00, '2024-05-23 08:30:00', '2024-05-23 11:30:00'),
    ((select id from veiculo where placa = 'QRS3T45'), (select id from pessoa where nome = 'Wilson Mecanico'), 'Manutenção preventiva geral', 420.00, '2024-05-24 07:45:00', '2024-05-24 16:00:00'),
    ((select id from veiculo where placa = 'TUV6W78'), (select id from pessoa where nome = 'Xenia Mecanica'), 'Troca de bateria e cabos', 360.00, '2024-05-25 09:15:00', '2024-05-25 12:45:00'),
    ((select id from veiculo where placa = 'WXY9Z01'), (select id from pessoa where nome = 'Wilson Mecanico'), 'Ajuste de suspensão', 510.00, '2024-05-26 13:00:00', '2024-05-26 19:00:00'),
    ((select id from veiculo where placa = 'ZAB2C34'), (select id from pessoa where nome = 'Xenia Mecanica'), 'Revisão do sistema elétrico', 540.00, '2024-05-27 08:00:00', '2024-05-27 14:30:00'),
    ((select id from veiculo where placa = 'CDE5F67'), (select id from pessoa where nome = 'Wilson Mecanico'), 'Substituição de iluminação interna', 120.00, '2024-05-28 10:30:00', '2024-05-28 15:00:00'),
    ((select id from veiculo where placa = 'FGH8I90'), (select id from pessoa where nome = 'Xenia Mecanica'), 'Revisão completa pré-viagem', 780.00, '2024-05-29 07:30:00', '2024-05-29 18:30:00');

insert into manutencao_peca (id_manutencao, id_peca, quantidade_utilizada, valor_unitario) values
    ((select m.id_manutencao from manutencao m join veiculo v on m.id_veiculo = v.id where v.placa = 'EFG1H23'),
        (select id_peca from peca where nome = 'Pastilha Cerâmica'), 4, 85.00),
    ((select m.id_manutencao from manutencao m join veiculo v on m.id_veiculo = v.id where v.placa = 'HIJ4K56'),
        (select id_peca from peca where nome = 'Amortecedor Heavy'), 4, 160.00),
    ((select m.id_manutencao from manutencao m join veiculo v on m.id_veiculo = v.id where v.placa = 'KLM7N89'),
        (select id_peca from peca where nome = 'Correia Reforçada'), 1, 65.00),
    ((select m.id_manutencao from manutencao m join veiculo v on m.id_veiculo = v.id where v.placa = 'NOP0Q12'),
        (select id_peca from peca where nome = 'Filtro de Óleo Premium'), 1, 95.00),
    ((select m.id_manutencao from manutencao m join veiculo v on m.id_veiculo = v.id where v.placa = 'QRS3T45'),
        (select id_peca from peca where nome = 'Palheta Silicone'), 2, 38.00),
    ((select m.id_manutencao from manutencao m join veiculo v on m.id_veiculo = v.id where v.placa = 'TUV6W78'),
        (select id_peca from peca where nome = 'Bateria LongLife'), 1, 320.00),
    ((select m.id_manutencao from manutencao m join veiculo v on m.id_veiculo = v.id where v.placa = 'WXY9Z01'),
        (select id_peca from peca where nome = 'Filtro de Ar Plus'), 1, 130.00),
    ((select m.id_manutencao from manutencao m join veiculo v on m.id_veiculo = v.id where v.placa = 'ZAB2C34'),
        (select id_peca from peca where nome = 'Sistema ABS Pro'), 1, 520.00),
    ((select m.id_manutencao from manutencao m join veiculo v on m.id_veiculo = v.id where v.placa = 'CDE5F67'),
        (select id_peca from peca where nome = 'Lâmpada LED Ultra'), 6, 50.00),
    ((select m.id_manutencao from manutencao m join veiculo v on m.id_veiculo = v.id where v.placa = 'FGH8I90'),
        (select id_peca from peca where nome = 'Embreagem Power'), 1, 210.00);

insert into progresso_viagem (data, id_ponto_parada, id_viagem) values
    ('2024-06-01 05:55:00', (select id from ponto_parada where nome = 'Parada Aurora 1'),
        (select id from viagem where linha_id = (select id from linha where codigo = 'LX101'))),
    ('2024-06-01 06:25:00', (select id from ponto_parada where nome = 'Parada Aurora 2'),
        (select id from viagem where linha_id = (select id from linha where codigo = 'LX101'))),
    ('2024-06-01 06:45:00', (select id from ponto_parada where nome = 'Parada Horizonte 1'),
        (select id from viagem where linha_id = (select id from linha where codigo = 'LX102'))),
    ('2024-06-01 07:20:00', (select id from ponto_parada where nome = 'Parada Horizonte 2'),
        (select id from viagem where linha_id = (select id from linha where codigo = 'LX102'))),
    ('2024-06-01 06:50:00', (select id from ponto_parada where nome = 'Parada Azul 1'),
        (select id from viagem where linha_id = (select id from linha where codigo = 'LX103'))),
    ('2024-06-01 07:35:00', (select id from ponto_parada where nome = 'Parada Azul 2'),
        (select id from viagem where linha_id = (select id from linha where codigo = 'LX103'))),
    ('2024-06-01 07:25:00', (select id from ponto_parada where nome = 'Parada Serra 1'),
        (select id from viagem where linha_id = (select id from linha where codigo = 'LX104'))),
    ('2024-06-01 08:00:00', (select id from ponto_parada where nome = 'Parada Praia 1'),
        (select id from viagem where linha_id = (select id from linha where codigo = 'LX105'))),
    ('2024-06-01 08:25:00', (select id from ponto_parada where nome = 'Parada Lagoa 1'),
        (select id from viagem where linha_id = (select id from linha where codigo = 'LX106'))),
    ('2024-06-01 09:15:00', (select id from ponto_parada where nome = 'Parada Aeroporto Plus'),
        (select id from viagem where linha_id = (select id from linha where codigo = 'LX108')));
